{
    "horizon_years": 3,
    "revenue_growth_rate": 0.23698165832433524,
    "ebit_margin": 0.12394321367471338,
    "depreciation_pct": 0.050814295622006345,
    "capex_pct": -0.11124898151771215,
    "nwc_pct": 0.011544369640030153,
    "terminal_growth_rate": 0.03
}