{
    "risk_free_rate": 0.04124769946362109,
    "equity_risk_premium": 4.8917225147308185,
    "beta": 0.5351470488578353,
    "cost_of_debt": 0.01626660794245027,
    "equity_weight": 0.9901795874854555,
    "debt_weight": 0.009820412514544468
}